number,type,date,status,client,amount_ils,due,days_overdue,bucket,id
50095,305,2026-04-14,0,נגיעה הפקות בע״מ,1180,2026-04-30,0,current,b67b001d-786f-44dc-b307-3507c8d3c745
60222,320,2026-03-04,1,זאפה ניוקו בע״מ - חיפה,26180,,,,7225901f-d5ae-4fbb-8ec5-6125c74e09f3
60221,320,2026-03-01,1,התיאטרון העברי עמותה לטיפוח תרבות עברית,1274,,,,b1591168-a24d-4883-94f3-ad4a6d3aeda1
60220,320,2026-03-01,1,התיאטרון העברי עמותה לטיפוח תרבות עברית,2549,,,,82e93508-004d-4b5f-a0af-296691c18f83
60219,320,2026-02-23,1,"מופ""א",13855,,,,e02504ef-555c-4459-a9a4-e70326d39d31
40223,300,2026-02-15,1,"מופ""א",13855,2026-02-28,,,89ea8acf-3e73-4c52-8356-645d49867aff
60218,320,2026-02-04,1,אן אמ סי שקד מועדונים בעמ,2482,,,,398e329e-47eb-40e6-9cc1-32621ea7e760
60217,320,2026-02-04,1,אודי קרני,6254,,,,8623da1b-7bc5-4a3f-a86c-bcde66a16071
40222,300,2026-01-31,1,אודי קרני,3304,2026-02-10,,,d9efa837-61cc-4721-a6a2-4f243ae36619
40221,300,2026-01-29,0,מירי פרלמן בע״מ,1770,2026-02-10,65,60-day,8b27f340-a760-4a19-829c-2e249d685862
40220,300,2026-01-29,1,התיאטרון העברי עמותה לטיפוח תרבות עברית,2549,2026-02-10,,,2032cb78-0a67-45f7-ae04-25f17e00818f
40219,300,2026-01-29,1,התיאטרון העברי עמותה לטיפוח תרבות עברית,1274,2026-02-10,,,b0238885-179b-4fdc-a24b-758d7331e0cd
60216,320,2026-01-28,1,עיריית תל אביב יפו,16520,,,,9a4bd560-3d25-411e-b4f7-247ff9135e93
40218,300,2026-01-22,1,אן אמ סי שקד מועדונים בעמ,2482,2026-02-15,,,1a6b75c7-6475-477f-ab15-766a2990a003
40217,300,2026-01-20,1,זאפה ניוקו בע״מ - חיפה,26180,2026-02-15,,,45c64330-9e8f-4e5e-9216-29ea975fbb62
60215,320,2026-01-15,1,התיאטרון העברי עמותה לטיפוח תרבות עברית,1947,,,,db367193-5fd3-42e1-8ecf-89c68fc17618
60214,320,2026-01-15,1,עיריית רעננה היכל התרבות העירוני,3074,,,,2292cd5c-a250-4c9d-9682-717b114ba8ef
60213,320,2026-01-08,1,לאן משרד כרטיסים בעמ LeanLTD,13748,,,,433f2394-d7b3-4f0d-88a6-6ab8e8ada378
60212,320,2026-01-08,1,לאן משרד כרטיסים בעמ LeanLTD,2974,,,,56a55ef3-0742-4ac0-b0e4-33a2882cf54e
