number,type,date,status,client,amount_ils,due,file
50095,305,2026-04-14,0,נגיעה הפקות בע״מ,1180,2026-04-30,2026-04-14_type305_num50095_נגיעה_הפקות_בע״מ_1180nis.pdf
60222,320,2026-03-04,1,זאפה ניוקו בע״מ - חיפה,26180,,2026-03-04_type320_num60222_זאפה_ניוקו_בע״מ_-_חיפה_26180nis.pdf
60221,320,2026-03-01,1,התיאטרון העברי עמותה לטיפוח תרבות עברית,1274,,2026-03-01_type320_num60221_התיאטרון_העברי_עמותה_לטיפוח_תר_1274nis.pdf
60220,320,2026-03-01,1,התיאטרון העברי עמותה לטיפוח תרבות עברית,2549,,2026-03-01_type320_num60220_התיאטרון_העברי_עמותה_לטיפוח_תר_2549nis.pdf
60219,320,2026-02-23,1,"מופ""א",13855,,"2026-02-23_type320_num60219_מופ""א_13855nis.pdf"
40223,300,2026-02-15,1,"מופ""א",13855,2026-02-28,"2026-02-15_type300_num40223_מופ""א_13855nis.pdf"
60218,320,2026-02-04,1,אן אמ סי שקד מועדונים בעמ,2482,,2026-02-04_type320_num60218_אן_אמ_סי_שקד_מועדונים_בעמ_2482nis.pdf
60217,320,2026-02-04,1,אודי קרני,6254,,2026-02-04_type320_num60217_אודי_קרני_6254nis.pdf
40222,300,2026-01-31,1,אודי קרני,3304,2026-02-10,2026-01-31_type300_num40222_אודי_קרני_3304nis.pdf
40221,300,2026-01-29,0,מירי פרלמן בע״מ,1770,2026-02-10,2026-01-29_type300_num40221_מירי_פרלמן_בע״מ_1770nis.pdf
40220,300,2026-01-29,1,התיאטרון העברי עמותה לטיפוח תרבות עברית,2549,2026-02-10,2026-01-29_type300_num40220_התיאטרון_העברי_עמותה_לטיפוח_תר_2549nis.pdf
40219,300,2026-01-29,1,התיאטרון העברי עמותה לטיפוח תרבות עברית,1274,2026-02-10,2026-01-29_type300_num40219_התיאטרון_העברי_עמותה_לטיפוח_תר_1274nis.pdf
60216,320,2026-01-28,1,עיריית תל אביב יפו,16520,,2026-01-28_type320_num60216_עיריית_תל_אביב_יפו_16520nis.pdf
40218,300,2026-01-22,1,אן אמ סי שקד מועדונים בעמ,2482,2026-02-15,2026-01-22_type300_num40218_אן_אמ_סי_שקד_מועדונים_בעמ_2482nis.pdf
40217,300,2026-01-20,1,זאפה ניוקו בע״מ - חיפה,26180,2026-02-15,2026-01-20_type300_num40217_זאפה_ניוקו_בע״מ_-_חיפה_26180nis.pdf
60215,320,2026-01-15,1,התיאטרון העברי עמותה לטיפוח תרבות עברית,1947,,2026-01-15_type320_num60215_התיאטרון_העברי_עמותה_לטיפוח_תר_1947nis.pdf
60214,320,2026-01-15,1,עיריית רעננה היכל התרבות העירוני,3074,,2026-01-15_type320_num60214_עיריית_רעננה_היכל_התרבות_העירו_3074nis.pdf
60213,320,2026-01-08,1,לאן משרד כרטיסים בעמ LeanLTD,13748,,2026-01-08_type320_num60213_לאן_משרד_כרטיסים_בעמ_LeanLTD_13748nis.pdf
60212,320,2026-01-08,1,לאן משרד כרטיסים בעמ LeanLTD,2974,,2026-01-08_type320_num60212_לאן_משרד_כרטיסים_בעמ_LeanLTD_2974nis.pdf
